time,title
2021-01-01,0
2021-01-02,3
2021-01-03,3
2021-01-04,0
2021-01-05,2
2021-01-06,2
2021-01-07,1
2021-01-08,4
2021-01-09,16
2021-01-10,8
2021-01-11,4
2021-01-12,2
2021-01-13,3
2021-01-14,4
2021-01-15,5
2021-01-16,2
2021-01-17,5
2021-01-18,0
2021-01-19,2
2021-01-20,0
2021-01-21,0
2021-01-22,0
2021-01-23,1
2021-01-24,0
2021-01-25,0
2021-01-26,1
2021-01-27,0
2021-01-28,18
2021-01-29,106
2021-01-30,33
2021-01-31,20
2021-02-01,65
2021-02-02,22
2021-02-03,13
2021-02-04,92
2021-02-05,0
2021-02-06,0
2021-02-07,2
2021-02-08,63
2021-02-09,48
2021-02-10,52
2021-02-11,36
2021-02-12,13
2021-02-13,16
2021-02-14,13
2021-02-15,43
2021-02-16,10
2021-02-17,7
2021-02-18,17
2021-02-19,30
2021-02-20,53
2021-02-21,23
2021-02-22,27
2021-02-23,50
2021-02-24,32
2021-02-25,15
2021-02-26,16
2021-02-27,14
2021-02-28,3
2021-03-01,0
2021-03-02,7
2021-03-03,5
2021-03-04,7
2021-03-05,2
2021-03-06,0
2021-03-07,0
2021-03-08,3
2021-03-09,5
2021-03-10,7
2021-03-11,4
2021-03-12,6
2021-03-13,9
2021-03-14,19
2021-03-15,17
2021-03-16,26
2021-03-17,8
2021-03-18,0
2021-03-19,0
2021-03-20,0
2021-03-21,0
2021-03-22,0
2021-03-23,0
2021-03-24,0
2021-03-25,0
2021-03-26,0
2021-03-27,0
2021-03-28,2
2021-03-29,10
2021-03-30,14
2021-03-31,7
2021-04-01,22
2021-04-02,6
2021-04-03,8
2021-04-04,6
2021-04-05,6
2021-04-06,5
2021-04-07,10
2021-04-08,13
2021-04-09,9
2021-04-10,0
2021-04-11,0
2021-04-12,0
2021-04-13,0
2021-04-14,11
2021-04-15,13
2021-04-16,66
2021-04-17,49
2021-04-18,34
2021-04-19,49
2021-04-20,37
2021-04-21,39
2021-04-22,27
2021-04-23,34
2021-04-24,22
2021-04-25,33
2021-04-26,49
2021-04-27,55
2021-04-28,51
2021-04-29,35
2021-04-30,26
2021-05-01,25
2021-05-02,33
2021-05-03,17
2021-05-04,64
2021-05-05,63
2021-05-06,39
2021-05-07,85
2021-05-08,114
2021-05-09,165
2021-05-10,67
2021-05-11,60
2021-05-12,146
2021-05-13,687
2021-05-14,221
2021-05-15,114
2021-05-16,296
2021-05-17,349
2021-05-18,115
2021-05-19,200
2021-05-20,115
2021-05-21,78
2021-05-22,70
2021-05-23,93
2021-05-24,108
2021-05-25,67
2021-05-26,39
2021-05-27,21
2021-05-28,29
2021-05-29,22
2021-05-30,32
